<?xml version="1.0" encoding="utf-8"?>
<VugenScriptMetadata>
  <ScriptName>UC1_BuyTicket1</ScriptName>
  <Protocol>Web - HTTP/HTML</Protocol>
  <ActionFiles>
    <FileEntry Name="vuser_init.c" Filter="2" />
    <FileEntry Name="Action.c" Filter="2" />
    <FileEntry Name="vuser_end.c" Filter="2" />
  </ActionFiles>
  <GeneralFiles>
    <FileEntry Name="UC1_BuyTicket1.usr" Filter="4" />
    <FileEntry Name="default.cfg" Filter="4" />
    <FileEntry Name="default.usp" Filter="4" />
    <FileEntry Name="UC1_BuyTicket1.prm" Filter="2" />
    <FileEntry Name="globals.h" Filter="2" />
    <FileEntry Name="returnDate.dat" Filter="2" />
    <FileEntry Name="expDate.dat" Filter="2" />
    <FileEntry Name="arrive.dat" Filter="2" />
    <FileEntry Name="pass1.dat" Filter="2" />
    <FileEntry Name="address2.dat" Filter="2" />
    <FileEntry Name="address1.dat" Filter="2" />
    <FileEntry Name="numPassengers.dat" Filter="2" />
    <FileEntry Name="saveCC.dat" Filter="2" />
    <FileEntry Name="seatPref.dat" Filter="2" />
    <FileEntry Name="departDate.dat" Filter="2" />
    <FileEntry Name="seatType.dat" Filter="2" />
    <FileEntry Name="password.dat" Filter="2" />
    <FileEntry Name="payCard.dat" Filter="2" />
    <FileEntry Name="depart.dat" Filter="2" />
    <FileEntry Name="userName.dat" Filter="2" />
    <FileEntry Name="combined_UC1_BuyTicket1.c" Filter="2" />
    <FileEntry Name="pre_cci.c" Filter="2" />
    <FileEntry Name="112108728440.idx" Filter="1" />
    <FileEntry Name="11210872844_1Jh.69.idx" Filter="1" />
    <FileEntry Name="11210872844_5Sv.113.idx" Filter="1" />
    <FileEntry Name="11210872844_5xc.983.idx" Filter="1" />
    <FileEntry Name="11210872844_7H3.405.idx" Filter="1" />
    <FileEntry Name="11210872844_aZn.919.idx" Filter="1" />
    <FileEntry Name="11210872844_Dd8.315.idx" Filter="1" />
    <FileEntry Name="11210872844_dZG.907.idx" Filter="1" />
    <FileEntry Name="11210872844_Ezn.587.idx" Filter="1" />
    <FileEntry Name="11210872844_Hw5.573.idx" Filter="1" />
    <FileEntry Name="11210872844_I4C.611.idx" Filter="1" />
    <FileEntry Name="11210872844_IVf.965.idx" Filter="1" />
    <FileEntry Name="11210872844_jCK.709.idx" Filter="1" />
    <FileEntry Name="11210872844_Jts.461.idx" Filter="1" />
    <FileEntry Name="11210872844_lGS.117.idx" Filter="1" />
    <FileEntry Name="11210872844_mWH.551.idx" Filter="1" />
    <FileEntry Name="11210872844_Oqn.65.idx" Filter="1" />
    <FileEntry Name="11210872844_qim.903.idx" Filter="1" />
    <FileEntry Name="11210872844_R8C.699.idx" Filter="1" />
    <FileEntry Name="11210872844_VmH.619.idx" Filter="1" />
    <FileEntry Name="11210872844_w65.355.idx" Filter="1" />
    <FileEntry Name="11210872844_Wz8.897.idx" Filter="1" />
    <FileEntry Name="11210872844_ZTi.629.idx" Filter="1" />
    <FileEntry Name="120689706440.idx" Filter="1" />
    <FileEntry Name="121543626440.idx" Filter="1" />
    <FileEntry Name="134031537440.idx" Filter="1" />
    <FileEntry Name="15753970440.idx" Filter="1" />
    <FileEntry Name="185728384440.idx" Filter="1" />
    <FileEntry Name="202093139440.idx" Filter="1" />
    <FileEntry Name="202224403440.idx" Filter="1" />
    <FileEntry Name="224322935440.idx" Filter="1" />
    <FileEntry Name="234401427440.idx" Filter="1" />
    <FileEntry Name="49255551440.idx" Filter="1" />
    <FileEntry Name="51787476440.idx" Filter="1" />
    <FileEntry Name="64345306440.idx" Filter="1" />
    <FileEntry Name="6819284440.idx" Filter="1" />
    <FileEntry Name="88752853440.idx" Filter="1" />
    <FileEntry Name="Bookmarks.xml" Filter="1" />
    <FileEntry Name="Breakpoints.xml" Filter="1" />
    <FileEntry Name="CompilerLogMetadata.xml" Filter="1" />
    <FileEntry Name="data.zip" Filter="1" />
    <FileEntry Name="logfile.log" Filter="1" />
    <FileEntry Name="mdrv.log" Filter="1" />
    <FileEntry Name="mdrv_cmd.txt" Filter="1" />
    <FileEntry Name="oldCCOption.dat" Filter="1" />
    <FileEntry Name="options.txt" Filter="1" />
    <FileEntry Name="outboundFlight.dat" Filter="1" />
    <FileEntry Name="output.bak" Filter="1" />
    <FileEntry Name="output.txt" Filter="1" />
    <FileEntry Name="OutputColoringDatabase.json" Filter="1" />
    <FileEntry Name="ReplaySummaryReport.xml" Filter="1" />
    <FileEntry Name="ScriptUploadMetadata.xml" Filter="1" />
    <FileEntry Name="ThumbnailsCache.tmp" Filter="1" />
    <FileEntry Name="TransactionsData.db" Filter="1" />
    <FileEntry Name="UC1_BuyTicket1.c.pickle" Filter="1" />
    <FileEntry Name="UC1_BuyTicket1.ci" Filter="1" />
    <FileEntry Name="UC1_BuyTicket1.prm.bak" Filter="1" />
    <FileEntry Name="UserTasks.xml" Filter="1" />
    <FileEntry Name="data\" Filter="1" />
    <FileEntry Name="result1\" Filter="1" />
  </GeneralFiles>
</VugenScriptMetadata>