{
  "FilterHeaders": [
    {
      "Header": "user-agent",
      "IncludeInScript": false
    },
    {
      "Header": "upgrade-insecure-requests",
      "IncludeInScript": true
    },
    {
      "Header": "sec-fetch-site",
      "IncludeInScript": true
    },
    {
      "Header": "sec-fetch-mode",
      "IncludeInScript": true
    },
    {
      "Header": "sec-fetch-dest",
      "IncludeInScript": true
    },
    {
      "Header": "sec-ch-ua-platform",
      "IncludeInScript": true
    },
    {
      "Header": "sec-ch-ua-mobile",
      "IncludeInScript": true
    },
    {
      "Header": "sec-ch-ua",
      "IncludeInScript": true
    },
    {
      "Header": "accept-language",
      "IncludeInScript": false
    },
    {
      "Header": "accept-encoding",
      "IncludeInScript": false
    },
    {
      "Header": "accept",
      "IncludeInScript": false
    }
  ],
  "FilterResources": [
    {
      "IsNonResource": true,
      "type": "text/html"
    }
  ],
  "GeneralInfo": {
    "BrowserVersion": "",
    "IsWinInetMode": false,
    "MaxUsedConnections": 1,
    "RecordedBrowser": "Chrome",
    "RecordingDate": "апр-09-2023",
    "RecordingDuration": 59657,
    "RecordingMode": "N/A",
    "RecordingTimeStamp": 1681030943,
    "RecordingType": "Browser",
    "TotalBytesReceived": 2384,
    "TotalBytesSent": 2152,
    "TotalRequests": 3,
    "UserAgent": "Mozilla/5.0 (Windows NT 10.0; Win64; x64) AppleWebKit/537.36 (KHTML, like Gecko) Chrome/111.0.0.0 Safari/537.36"
  },
  "HostInfo": [
    {
      "DomainName": "pki.goog",
      "Domains": [
        {
          "HTTPVersion": "HTTP/1.1",
          "IP": "216.239.32.29",
          "IncludeInScript": false,
          "Name": "pki.goog",
          "Port": 80,
          "Requests": [
            {
              "CompressionType": "",
              "DataType": "application/pkix-cert",
              "DownloadTime": 46,
              "EventId": 68,
              "HttpStatus": 200,
              "Size": 1371,
              "URL": "http://pki.goog/repo/certs/gtsr1.der"
            },
            {
              "CompressionType": "gzip",
              "DataType": "application/pkix-cert",
              "DownloadTime": 47,
              "EventId": 65,
              "HttpStatus": 200,
              "Size": 1304,
              "URL": "http://pki.goog/repo/certs/gts1c3.der"
            },
            {
              "CompressionType": "",
              "DataType": "application/pkix-cert",
              "DownloadTime": 46,
              "EventId": 36,
              "HttpStatus": 200,
              "Size": 1371,
              "URL": "http://pki.goog/repo/certs/gtsr1.der"
            },
            {
              "CompressionType": "",
              "DataType": "",
              "DownloadTime": 46,
              "EventId": 34,
              "HttpStatus": 304,
              "Size": 0,
              "URL": "http://pki.goog/repo/certs/gtsr1.der"
            },
            {
              "CompressionType": "",
              "DataType": "",
              "DownloadTime": 47,
              "EventId": 29,
              "HttpStatus": 304,
              "Size": 0,
              "URL": "http://pki.goog/repo/certs/gts1c3.der"
            },
            {
              "CompressionType": "gzip",
              "DataType": "application/pkix-cert",
              "DownloadTime": 47,
              "EventId": 27,
              "HttpStatus": 200,
              "Size": 1304,
              "URL": "http://pki.goog/repo/certs/gts1c3.der"
            }
          ],
          "SSLCipher": "None",
          "SSLVersion": "None"
        }
      ],
      "IncludeInScript": true
    },
    {
      "DomainName": "localhost",
      "Domains": [
        {
          "HTTPVersion": "HTTP/1.1",
          "IP": "[::1]",
          "IncludeInScript": true,
          "Name": "localhost",
          "Port": 1080,
          "Requests": [
            {
              "CompressionType": "",
              "DataType": "text/html",
              "DownloadTime": 47,
              "EventId": 38,
              "HttpStatus": 404,
              "Size": 209,
              "URL": "http://localhost:1080/favicon.ico"
            },
            {
              "CompressionType": "",
              "DataType": "text/html",
              "DownloadTime": 47,
              "EventId": 31,
              "HttpStatus": 200,
              "Size": 1489,
              "URL": "http://localhost:1080/cgi-bin/nav.pl?in=home"
            },
            {
              "CompressionType": "",
              "DataType": "text/html",
              "DownloadTime": 47,
              "EventId": 16,
              "HttpStatus": 200,
              "Size": 686,
              "URL": "http://localhost:1080/cgi-bin/welcome.pl?signOff=true"
            }
          ],
          "SSLCipher": "None",
          "SSLVersion": "None"
        }
      ],
      "IncludeInScript": true
    }
  ],
  "WebSocket": {
    "IncludeInScript": false,
    "IsScriptIncludeWebSocket": false
  },
  "NumberOfCorrelations": 0
}