{
  "FilterHeaders": [
    {
      "Header": "x-goog-update-updater",
      "IncludeInScript": true
    },
    {
      "Header": "x-goog-update-interactivity",
      "IncludeInScript": true
    },
    {
      "Header": "x-goog-update-appid",
      "IncludeInScript": true
    },
    {
      "Header": "user-agent",
      "IncludeInScript": false
    },
    {
      "Header": "upgrade-insecure-requests",
      "IncludeInScript": true
    },
    {
      "Header": "sec-fetch-user",
      "IncludeInScript": true
    },
    {
      "Header": "sec-fetch-site",
      "IncludeInScript": true
    },
    {
      "Header": "sec-fetch-mode",
      "IncludeInScript": true
    },
    {
      "Header": "sec-fetch-dest",
      "IncludeInScript": true
    },
    {
      "Header": "sec-ch-ua-platform",
      "IncludeInScript": true
    },
    {
      "Header": "sec-ch-ua-mobile",
      "IncludeInScript": true
    },
    {
      "Header": "sec-ch-ua",
      "IncludeInScript": true
    },
    {
      "Header": "origin",
      "IncludeInScript": true
    },
    {
      "Header": "cache-control",
      "IncludeInScript": false
    },
    {
      "Header": "accept-language",
      "IncludeInScript": false
    },
    {
      "Header": "accept-encoding",
      "IncludeInScript": false
    },
    {
      "Header": "accept",
      "IncludeInScript": false
    }
  ],
  "FilterResources": [
    {
      "IsNonResource": true,
      "type": "text/html"
    },
    {
      "IsNonResource": false,
      "type": "application/pkix-cert"
    },
    {
      "IsNonResource": false,
      "type": "application/octet-stream"
    },
    {
      "IsNonResource": true,
      "type": "application/json"
    }
  ],
  "GeneralInfo": {
    "BrowserVersion": "",
    "IsWinInetMode": false,
    "MaxUsedConnections": 14,
    "RecordedBrowser": "Chrome",
    "RecordingDate": "апр-01-2023",
    "RecordingDuration": 110656,
    "RecordingMode": "N/A",
    "RecordingTimeStamp": 1680371039,
    "RecordingType": "Browser",
    "TotalBytesReceived": 34264,
    "TotalBytesSent": 25386,
    "TotalRequests": 24,
    "UserAgent": "Mozilla/5.0 (Windows NT 10.0; Win64; x64) AppleWebKit/537.36 (KHTML, like Gecko) Chrome/111.0.0.0 Safari/537.36"
  },
  "HostInfo": [
    {
      "DomainName": "usertrust.com",
      "Domains": [
        {
          "HTTPVersion": "HTTP/1.1",
          "IP": "91.199.212.52",
          "IncludeInScript": true,
          "Name": "crt.usertrust.com",
          "Port": 80,
          "Requests": [
            {
              "CompressionType": "",
              "DataType": "application/pkix-cert",
              "DownloadTime": 93,
              "EventId": 55,
              "HttpStatus": 200,
              "Size": 1413,
              "URL": "http://crt.usertrust.com/USERTrustRSAAddTrustCA.crt"
            }
          ],
          "SSLCipher": "None",
          "SSLVersion": "None"
        }
      ],
      "IncludeInScript": true
    },
    {
      "DomainName": "sectigo.com",
      "Domains": [
        {
          "HTTPVersion": "HTTP/1.1",
          "IP": "91.199.212.52",
          "IncludeInScript": true,
          "Name": "crt.sectigo.com",
          "Port": 80,
          "Requests": [
            {
              "CompressionType": "",
              "DataType": "application/pkix-cert",
              "DownloadTime": 94,
              "EventId": 51,
              "HttpStatus": 200,
              "Size": 1559,
              "URL": "http://crt.sectigo.com/SectigoRSADomainValidationSecureServerCA.crt"
            }
          ],
          "SSLCipher": "None",
          "SSLVersion": "None"
        }
      ],
      "IncludeInScript": true
    },
    {
      "DomainName": "pki.goog",
      "Domains": [
        {
          "HTTPVersion": "HTTP/1.1",
          "IP": "216.239.32.29",
          "IncludeInScript": true,
          "Name": "pki.goog",
          "Port": 80,
          "Requests": [
            {
              "CompressionType": "",
              "DataType": "application/pkix-cert",
              "DownloadTime": 31,
              "EventId": 182,
              "HttpStatus": 200,
              "Size": 1371,
              "URL": "http://pki.goog/repo/certs/gtsr1.der"
            },
            {
              "CompressionType": "gzip",
              "DataType": "application/pkix-cert",
              "DownloadTime": 47,
              "EventId": 180,
              "HttpStatus": 200,
              "Size": 1304,
              "URL": "http://pki.goog/repo/certs/gts1c3.der"
            },
            {
              "CompressionType": "",
              "DataType": "application/pkix-cert",
              "DownloadTime": 47,
              "EventId": 49,
              "HttpStatus": 200,
              "Size": 1371,
              "URL": "http://pki.goog/repo/certs/gtsr1.der"
            },
            {
              "CompressionType": "gzip",
              "DataType": "application/pkix-cert",
              "DownloadTime": 47,
              "EventId": 47,
              "HttpStatus": 200,
              "Size": 1304,
              "URL": "http://pki.goog/repo/certs/gts1c3.der"
            }
          ],
          "SSLCipher": "None",
          "SSLVersion": "None"
        }
      ],
      "IncludeInScript": true
    },
    {
      "DomainName": "microsoft.com",
      "Domains": [
        {
          "HTTPVersion": "HTTP/1.1",
          "IP": "95.100.178.81",
          "IncludeInScript": true,
          "Name": "www.microsoft.com",
          "Port": 80,
          "Requests": [
            {
              "CompressionType": "",
              "DataType": "application/octet-stream",
              "DownloadTime": 62,
              "EventId": 128,
              "HttpStatus": 200,
              "Size": 1527,
              "URL": "http://www.microsoft.com/pkiops/certs/Microsoft%20Azure%20TLS%20Issuing%20CA%2005%20-%20xsign.crt"
            }
          ],
          "SSLCipher": "None",
          "SSLVersion": "None"
        }
      ],
      "IncludeInScript": true
    },
    {
      "DomainName": "localhost",
      "Domains": [
        {
          "HTTPVersion": "HTTP/1.1",
          "IP": "[::1]",
          "IncludeInScript": true,
          "Name": "localhost",
          "Port": 1080,
          "Requests": [
            {
              "CompressionType": "",
              "DataType": "text/html",
              "DownloadTime": 46,
              "EventId": 211,
              "HttpStatus": 200,
              "Size": 2475,
              "URL": "http://localhost:1080/cgi-bin/reservations.pl"
            },
            {
              "CompressionType": "",
              "DataType": "text/html",
              "DownloadTime": 47,
              "EventId": 207,
              "HttpStatus": 200,
              "Size": 2747,
              "URL": "http://localhost:1080/cgi-bin/reservations.pl"
            },
            {
              "CompressionType": "",
              "DataType": "text/html",
              "DownloadTime": 47,
              "EventId": 201,
              "HttpStatus": 200,
              "Size": 2430,
              "URL": "http://localhost:1080/cgi-bin/reservations.pl"
            },
            {
              "CompressionType": "",
              "DataType": "text/html",
              "DownloadTime": 125,
              "EventId": 185,
              "HttpStatus": 200,
              "Size": 4246,
              "URL": "http://localhost:1080/cgi-bin/reservations.pl?page=welcome"
            },
            {
              "CompressionType": "",
              "DataType": "text/html",
              "DownloadTime": 63,
              "EventId": 168,
              "HttpStatus": 200,
              "Size": 1482,
              "URL": "http://localhost:1080/cgi-bin/nav.pl?page=menu&in=flights"
            },
            {
              "CompressionType": "",
              "DataType": "text/html",
              "DownloadTime": 47,
              "EventId": 165,
              "HttpStatus": 200,
              "Size": 616,
              "URL": "http://localhost:1080/cgi-bin/welcome.pl?page=search"
            },
            {
              "CompressionType": "",
              "DataType": "text/html",
              "DownloadTime": 31,
              "EventId": 162,
              "HttpStatus": 200,
              "Size": 918,
              "URL": "http://localhost:1080/cgi-bin/login.pl?intro=true"
            },
            {
              "CompressionType": "",
              "DataType": "text/html",
              "DownloadTime": 78,
              "EventId": 156,
              "HttpStatus": 200,
              "Size": 1482,
              "URL": "http://localhost:1080/cgi-bin/nav.pl?page=menu&in=home"
            },
            {
              "CompressionType": "",
              "DataType": "text/html",
              "DownloadTime": 47,
              "EventId": 153,
              "HttpStatus": 200,
              "Size": 481,
              "URL": "http://localhost:1080/cgi-bin/login.pl"
            },
            {
              "CompressionType": "",
              "DataType": "text/html",
              "DownloadTime": 0,
              "EventId": 45,
              "HttpStatus": 404,
              "Size": 209,
              "URL": "http://localhost:1080/favicon.ico"
            },
            {
              "CompressionType": "",
              "DataType": "text/html",
              "DownloadTime": 47,
              "EventId": 33,
              "HttpStatus": 200,
              "Size": 1486,
              "URL": "http://localhost:1080/cgi-bin/nav.pl?in=home"
            },
            {
              "CompressionType": "",
              "DataType": "text/html",
              "DownloadTime": 94,
              "EventId": 20,
              "HttpStatus": 200,
              "Size": 686,
              "URL": "http://localhost:1080/cgi-bin/welcome.pl?signOff=true"
            }
          ],
          "SSLCipher": "None",
          "SSLVersion": "None"
        }
      ],
      "IncludeInScript": true
    },
    {
      "DomainName": "googleapis.com",
      "Domains": [
        {
          "HTTPVersion": "HTTP/1.1",
          "IP": "173.194.221.94",
          "IncludeInScript": true,
          "Name": "update.googleapis.com",
          "Port": 80,
          "Requests": [
            {
              "CompressionType": "gzip",
              "DataType": "application/json",
              "DownloadTime": 93,
              "EventId": 189,
              "HttpStatus": 200,
              "Size": 1027,
              "URL": "http://update.googleapis.com/service/update2/json?cup2key=12:uhoEyIMSfB2VkfqMe1-RvlgsdJN4zGzP56htP-JuSgg&cup2hreq=7b8298d85a94aec354eada043fbc9f4f72c0060cf247ae7345dda5feb348324c"
            }
          ],
          "SSLCipher": "None",
          "SSLVersion": "None"
        }
      ],
      "IncludeInScript": true
    },
    {
      "DomainName": "digicert.com",
      "Domains": [
        {
          "HTTPVersion": "HTTP/1.1",
          "IP": "192.229.221.95",
          "IncludeInScript": true,
          "Name": "cacerts.digicert.com",
          "Port": 80,
          "Requests": [
            {
              "CompressionType": "",
              "DataType": "application/pkix-cert",
              "DownloadTime": 47,
              "EventId": 229,
              "HttpStatus": 200,
              "Size": 1218,
              "URL": "http://cacerts.digicert.com/DigiCertTLSRSASHA2562020CA1-1.crt"
            },
            {
              "CompressionType": "",
              "DataType": "application/pkix-cert",
              "DownloadTime": 47,
              "EventId": 140,
              "HttpStatus": 200,
              "Size": 914,
              "URL": "http://cacerts.digicert.com/DigiCertGlobalRootG2.crt"
            },
            {
              "CompressionType": "",
              "DataType": "application/pkix-cert",
              "DownloadTime": 47,
              "EventId": 138,
              "HttpStatus": 200,
              "Size": 947,
              "URL": "http://cacerts.digicert.com/DigiCertGlobalRootCA.crt"
            },
            {
              "CompressionType": "",
              "DataType": "application/pkix-cert",
              "DownloadTime": 47,
              "EventId": 134,
              "HttpStatus": 200,
              "Size": 1051,
              "URL": "http://cacerts.digicert.com/DigiCertTLSHybridECCSHA3842020CA1-1.crt"
            }
          ],
          "SSLCipher": "None",
          "SSLVersion": "None"
        }
      ],
      "IncludeInScript": true
    }
  ],
  "WebSocket": {
    "IncludeInScript": false,
    "IsScriptIncludeWebSocket": false
  },
  "NumberOfCorrelations": 7
}