{
  "FilterHeaders": [
    {
      "Header": "user-agent",
      "IncludeInScript": false
    },
    {
      "Header": "upgrade-insecure-requests",
      "IncludeInScript": true
    },
    {
      "Header": "sec-fetch-user",
      "IncludeInScript": true
    },
    {
      "Header": "sec-fetch-site",
      "IncludeInScript": true
    },
    {
      "Header": "sec-fetch-mode",
      "IncludeInScript": true
    },
    {
      "Header": "sec-fetch-dest",
      "IncludeInScript": true
    },
    {
      "Header": "sec-ch-ua-platform",
      "IncludeInScript": true
    },
    {
      "Header": "sec-ch-ua-mobile",
      "IncludeInScript": true
    },
    {
      "Header": "sec-ch-ua",
      "IncludeInScript": true
    },
    {
      "Header": "origin",
      "IncludeInScript": true
    },
    {
      "Header": "cache-control",
      "IncludeInScript": false
    },
    {
      "Header": "accept-language",
      "IncludeInScript": false
    },
    {
      "Header": "accept-encoding",
      "IncludeInScript": false
    },
    {
      "Header": "accept",
      "IncludeInScript": false
    }
  ],
  "FilterResources": [
    {
      "IsNonResource": true,
      "type": "text/html"
    }
  ],
  "GeneralInfo": {
    "BrowserVersion": "",
    "IsWinInetMode": false,
    "MaxUsedConnections": 4,
    "RecordedBrowser": "Chrome",
    "RecordingDate": "апр-07-2023",
    "RecordingDuration": 61375,
    "RecordingMode": "N/A",
    "RecordingTimeStamp": 1680886578,
    "RecordingType": "Browser",
    "TotalBytesReceived": 7441,
    "TotalBytesSent": 6686,
    "TotalRequests": 8,
    "UserAgent": "Mozilla/5.0 (Windows NT 10.0; Win64; x64) AppleWebKit/537.36 (KHTML, like Gecko) Chrome/111.0.0.0 Safari/537.36"
  },
  "HostInfo": [
    {
      "DomainName": "pki.goog",
      "Domains": [
        {
          "HTTPVersion": "HTTP/1.1",
          "IP": "216.239.32.29",
          "IncludeInScript": false,
          "Name": "pki.goog",
          "Port": 80,
          "Requests": [
            {
              "CompressionType": "",
              "DataType": "application/pkix-cert",
              "DownloadTime": 47,
              "EventId": 120,
              "HttpStatus": 200,
              "Size": 1371,
              "URL": "http://pki.goog/repo/certs/gtsr1.der"
            },
            {
              "CompressionType": "gzip",
              "DataType": "application/pkix-cert",
              "DownloadTime": 47,
              "EventId": 117,
              "HttpStatus": 200,
              "Size": 1304,
              "URL": "http://pki.goog/repo/certs/gts1c3.der"
            },
            {
              "CompressionType": "",
              "DataType": "application/pkix-cert",
              "DownloadTime": 32,
              "EventId": 114,
              "HttpStatus": 200,
              "Size": 1371,
              "URL": "http://pki.goog/repo/certs/gtsr1.der"
            },
            {
              "CompressionType": "gzip",
              "DataType": "application/pkix-cert",
              "DownloadTime": 47,
              "EventId": 111,
              "HttpStatus": 200,
              "Size": 1304,
              "URL": "http://pki.goog/repo/certs/gts1c3.der"
            },
            {
              "CompressionType": "",
              "DataType": "application/pkix-cert",
              "DownloadTime": 31,
              "EventId": 34,
              "HttpStatus": 200,
              "Size": 1371,
              "URL": "http://pki.goog/repo/certs/gtsr1.der"
            },
            {
              "CompressionType": "gzip",
              "DataType": "application/pkix-cert",
              "DownloadTime": 46,
              "EventId": 32,
              "HttpStatus": 200,
              "Size": 1304,
              "URL": "http://pki.goog/repo/certs/gts1c3.der"
            },
            {
              "CompressionType": "",
              "DataType": "application/pkix-cert",
              "DownloadTime": 46,
              "EventId": 26,
              "HttpStatus": 200,
              "Size": 1371,
              "URL": "http://pki.goog/repo/certs/gtsr1.der"
            },
            {
              "CompressionType": "gzip",
              "DataType": "application/pkix-cert",
              "DownloadTime": 31,
              "EventId": 23,
              "HttpStatus": 200,
              "Size": 1304,
              "URL": "http://pki.goog/repo/certs/gts1c3.der"
            }
          ],
          "SSLCipher": "None",
          "SSLVersion": "None"
        }
      ],
      "IncludeInScript": true
    },
    {
      "DomainName": "localhost",
      "Domains": [
        {
          "HTTPVersion": "HTTP/1.1",
          "IP": "[::1]",
          "IncludeInScript": true,
          "Name": "localhost",
          "Port": 1080,
          "Requests": [
            {
              "CompressionType": "",
              "DataType": "text/html",
              "DownloadTime": 63,
              "EventId": 98,
              "HttpStatus": 200,
              "Size": 1489,
              "URL": "http://localhost:1080/cgi-bin/nav.pl?in=home"
            },
            {
              "CompressionType": "",
              "DataType": "text/html",
              "DownloadTime": 32,
              "EventId": 95,
              "HttpStatus": 200,
              "Size": 686,
              "URL": "http://localhost:1080/cgi-bin/welcome.pl?signOff=1"
            },
            {
              "CompressionType": "",
              "DataType": "text/html",
              "DownloadTime": 78,
              "EventId": 76,
              "HttpStatus": 200,
              "Size": 1482,
              "URL": "http://localhost:1080/cgi-bin/nav.pl?page=menu&in=home"
            },
            {
              "CompressionType": "",
              "DataType": "text/html",
              "DownloadTime": 31,
              "EventId": 73,
              "HttpStatus": 200,
              "Size": 918,
              "URL": "http://localhost:1080/cgi-bin/login.pl?intro=true"
            },
            {
              "CompressionType": "",
              "DataType": "text/html",
              "DownloadTime": 47,
              "EventId": 61,
              "HttpStatus": 200,
              "Size": 481,
              "URL": "http://localhost:1080/cgi-bin/login.pl"
            },
            {
              "CompressionType": "",
              "DataType": "text/html",
              "DownloadTime": 31,
              "EventId": 40,
              "HttpStatus": 404,
              "Size": 209,
              "URL": "http://localhost:1080/favicon.ico"
            },
            {
              "CompressionType": "",
              "DataType": "text/html",
              "DownloadTime": 78,
              "EventId": 37,
              "HttpStatus": 200,
              "Size": 1490,
              "URL": "http://localhost:1080/cgi-bin/nav.pl?in=home"
            },
            {
              "CompressionType": "",
              "DataType": "text/html",
              "DownloadTime": 46,
              "EventId": 29,
              "HttpStatus": 200,
              "Size": 686,
              "URL": "http://localhost:1080/cgi-bin/welcome.pl?signOff=true"
            }
          ],
          "SSLCipher": "None",
          "SSLVersion": "None"
        }
      ],
      "IncludeInScript": true
    },
    {
      "DomainName": "googleapis.com",
      "Domains": [
        {
          "HTTPVersion": "HTTP/1.1",
          "IP": "64.233.165.94",
          "IncludeInScript": false,
          "Name": "update.googleapis.com",
          "Port": 80,
          "Requests": [
            {
              "CompressionType": "gzip",
              "DataType": "application/json",
              "DownloadTime": 79,
              "EventId": 125,
              "HttpStatus": 200,
              "Size": 1020,
              "URL": "http://update.googleapis.com/service/update2/json?cup2key=12:Q1pZfO9_nGxbTMxbisgyICt_BGfI8h4ctg221_l5rGE&cup2hreq=bcb60e4a48c3cb013d6e18e484ec0c3f6b2b86ef7c4c6e539be012eac3e3bf55"
            }
          ],
          "SSLCipher": "None",
          "SSLVersion": "None"
        }
      ],
      "IncludeInScript": true
    }
  ],
  "WebSocket": {
    "IncludeInScript": false,
    "IsScriptIncludeWebSocket": false
  },
  "NumberOfCorrelations": 1
}